CHOL,BP1,BP2,BP3
CHOL1,0.030162413,0.043010753,0.142857143
CHOL2,0.029166667,9.589041096,14.58333333
CHOL3,0.101604278,19.64285714,27.90697674
