CHOL,BP1,BP2,BP3
CHOL1,3.0162413,4.3010753,14.2857143
CHOL2,2.9166667,9.589041096,14.58333333
CHOL3,10.1604278,19.64285714,27.90697674
