CHOL,BP normal,BP elevated,BP stage I,BP stage II
Normal,2.542372881,3.278688525,5.769230769,16
Medium risk,3.370786517,2.941176471,2.43902439,12.5
High risk,7.142857143,5.479452055,9.589041096,14.58333333
Dangerous,10.66666667,9.821428571,19.64285714,27.90697674
